{"name":"548b629e-af6d-4f40-833a-599e1f82ac31","id":"/providers/Microsoft.Flow/flows/548b629e-af6d-4f40-833a-599e1f82ac31","type":"Microsoft.Flow/flows","properties":{"apiId":"/providers/Microsoft.PowerApps/apis/shared_logicflows","displayName":"CMCAzureServiceBusTopicTemplate","definition":{"metadata":{"workflowEntityId":"10fa757e-04db-e911-a962-000d3a36e9be","creator":{"id":"6b83a73f-55be-411e-b706-9db124648cbf","type":"User","tenantId":"a38ff870-9c86-43df-9e6b-6b01f206a398"},"provisioningMethod":"FromDefinition","failureAlertSubscription":true,"clientLastModifiedTime":"2019-10-14T06:55:22.2406424Z"},"$schema":"https://schema.management.azure.com/providers/Microsoft.Logic/schemas/2016-06-01/workflowdefinition.json#","contentVersion":"1.0.0.0","parameters":{"$connections":{"defaultValue":{},"type":"Object"},"$authentication":{"defaultValue":{},"type":"SecureObject"}},"triggers":{"When_one_or_more_messages_arrive_in_a_topic_(peek-lock)_2":{"recurrence":{"interval":1,"frequency":"Minute"},"splitOn":"@triggerOutputs()?['body']","type":"OpenApiConnection","inputs":{"host":{"apiId":"/providers/Microsoft.PowerApps/apis/shared_servicebus","connectionName":"shared_servicebus_1","operationId":"GetNewMessagesFromTopicWithPeekLock"},"parameters":{"topicName":"cmcintegrtiontopic","subscriptionName":"CmcProductIntegrationTopicSub1","maxMessageCount":20,"subscriptionType":"Main","sessionId":"None"},"authentication":"@parameters('$authentication')"}}},"actions":{"Process_Entity_Data":{"actions":{"Parse_Event_JSON":{"runAfter":{},"type":"ParseJson","inputs":{"content":"@variables('EntityData')","schema":{"type":"object","properties":{"EntityType":{"type":"string"},"EventType":{"type":"string"},"ArgumentData":{"type":"object","properties":{"ValidationMessages":{"type":"array"},"OriginalEntity":{"type":"object"},"Context":{"type":"string"},"CancelPipelineExecution":{"type":"boolean"}}},"EventTimeStamp":{"type":"string","format":"date-time"},"EntityData":{"type":"object","properties":{"id":{"type":"number","format":"int32"},"code":{"type":"string"},"isActive":{"type":"boolean"},"name":{"type":"string"}}},"UserId":{"type":"number","format":"int32"}}}}},"Check_Entity_Type":{"actions":{},"runAfter":{"Parse_Event_JSON":["Succeeded"]},"expression":{"equals":["","Contact"]},"type":"If"}},"runAfter":{"EventDataInAzureServiceBus":["Succeeded"]},"type":"Scope"},"Complete_the_message_in_a_topic_subscription":{"runAfter":{"Process_Entity_Data":["Succeeded"]},"type":"OpenApiConnection","inputs":{"host":{"apiId":"/providers/Microsoft.PowerApps/apis/shared_servicebus","connectionName":"shared_servicebus","operationId":"CompleteMessageInTopic"},"parameters":{"topicName":"cmcintegrtiontopic","subscriptionName":"Shashi","lockToken":"@triggerOutputs()?['body/LockToken']","subscriptionType":"Main","sessionId":""},"authentication":"@parameters('$authentication')"}},"Dead-letter_the_message_in_a_topic_subscription_2":{"runAfter":{"Process_Entity_Data":["Failed"]},"type":"OpenApiConnection","inputs":{"host":{"apiId":"/providers/Microsoft.PowerApps/apis/shared_servicebus","connectionName":"shared_servicebus","operationId":"DeadLetterMessageInTopic"},"parameters":{"topicName":"cmcintegrtiontopic","subscriptionName":"Shashi","lockToken":"@triggerOutputs()?['body/LockToken']","deadLetterReason":"Data Process Failure","deadLetterErrorDescription":"Data Process Failure","sessionId":""},"authentication":"@parameters('$authentication')"}},"EventDataInAzureServiceBus":{"runAfter":{},"type":"InitializeVariable","inputs":{"variables":[{"name":"EntityData","type":"String","value":"@{base64ToString(triggerBody()['ContentData'])}"}]}}},"outputs":{}},"connectionReferences":{"shared_servicebus":{"connectionName":"0ac95a82d60a4efc9949ea3228148dbc","source":"Embedded","id":"/providers/Microsoft.PowerApps/apis/shared_servicebus","tier":"NotSpecified"},"shared_servicebus_1":{"connectionName":"shared-servicebus-279655aa-7b34-4b7c-a999-f701a18f9776","source":"Embedded","id":"/providers/Microsoft.PowerApps/apis/shared_servicebus","tier":"NotSpecified"}},"flowFailureAlertSubscribed":false}}