{"name":"4eb78f9f-3a06-4cf0-9cfe-20c145151f70","id":"/providers/Microsoft.Flow/flows/4eb78f9f-3a06-4cf0-9cfe-20c145151f70","type":"Microsoft.Flow/flows","properties":{"apiId":"/providers/Microsoft.PowerApps/apis/shared_logicflows","displayName":"CMCAzureServiceBusTemplate","definition":{"metadata":{"workflowEntityId":"534d4a6f-55da-e911-a960-000d3a36e9be","creator":{"id":"6b83a73f-55be-411e-b706-9db124648cbf","type":"User","tenantId":"a38ff870-9c86-43df-9e6b-6b01f206a398"},"provisioningMethod":"FromDefinition","failureAlertSubscription":true,"clientLastModifiedTime":"2019-10-14T11:41:24.0777745Z"},"$schema":"https://schema.management.azure.com/providers/Microsoft.Logic/schemas/2016-06-01/workflowdefinition.json#","contentVersion":"1.0.0.0","parameters":{"$connections":{"defaultValue":{},"type":"Object"},"$authentication":{"defaultValue":{},"type":"SecureObject"}},"triggers":{"When_one_or_more_messages_arrive_in_a_queue_(peek-lock)":{"recurrence":{"interval":1,"frequency":"Minute"},"splitOn":"@triggerOutputs()?['body']","type":"OpenApiConnection","inputs":{"host":{"apiId":"/providers/Microsoft.PowerApps/apis/shared_servicebus","connectionName":"shared_servicebus","operationId":"GetNewMessagesFromQueueWithPeekLock"},"parameters":{"queueName":"productsynchronization","maxMessageCount":20,"queueType":"Main","sessionId":"None"},"authentication":"@parameters('$authentication')"}}},"actions":{"Process_Event_Data":{"actions":{"Parse_Event_JSON":{"runAfter":{},"type":"ParseJson","inputs":{"content":"@variables('EntityData')","schema":{"type":"object","properties":{"EntityType":{"type":"string"},"EventType":{"type":"string"},"ArgumentData":{"type":"object","properties":{"ValidationMessages":{"type":"array"},"OriginalEntity":{"type":"object"},"Context":{"type":"string"},"CancelPipelineExecution":{"type":"boolean"}}},"EventTimeStamp":{"type":"string","format":"date-time"},"EntityData":{"type":"object","properties":{"id":{"type":"number","format":"int32"},"code":{"type":"string"},"isActive":{"type":"boolean"},"name":{"type":"string"}}},"UserId":{"type":"number","format":"int32"}}}}},"Check_for_Entity_Type":{"actions":{},"runAfter":{"Parse_Event_JSON":["Succeeded"]},"expression":{"equals":["","Contact"]},"type":"If"}},"runAfter":{"Event_Data_From_Queue_Message":["Succeeded"]},"type":"Scope"},"Complete_the_message_in_a_queue":{"runAfter":{"Process_Event_Data":["Succeeded"]},"type":"OpenApiConnection","inputs":{"host":{"apiId":"/providers/Microsoft.PowerApps/apis/shared_servicebus","connectionName":"shared_servicebus","operationId":"CompleteMessageInQueue"},"parameters":{"queueName":"productsynchronization","lockToken":"@triggerOutputs()?['body/LockToken']","queueType":"Main","sessionId":""},"authentication":"@parameters('$authentication')"}},"Dead-letter_the_message_in_a_queue":{"runAfter":{"Process_Event_Data":["Failed"]},"type":"OpenApiConnection","inputs":{"host":{"apiId":"/providers/Microsoft.PowerApps/apis/shared_servicebus","connectionName":"shared_servicebus","operationId":"DeadLetterMessageInQueue"},"parameters":{"queueName":"productsynchronization","lockToken":"@triggerOutputs()?['body/LockToken']","deadLetterReason":"Entity Process Failure","deadLetterErrorDescription":"Entity Process Failure","sessionId":""},"authentication":"@parameters('$authentication')"}},"Event_Data_From_Queue_Message":{"runAfter":{},"type":"InitializeVariable","inputs":{"variables":[{"name":"EntityData","type":"String","value":"@{base64ToString(triggerBody()['ContentData'])}"}]}}},"outputs":{}},"connectionReferences":{"shared_servicebus":{"connectionName":"0ac95a82d60a4efc9949ea3228148dbc","source":"Embedded","id":"/providers/Microsoft.PowerApps/apis/shared_servicebus","tier":"NotSpecified"}},"flowFailureAlertSubscribed":false}}